id;code;name;post_rank;company_id;sys_org_code;create_by;create_time;update_by;update_time;tenant_id
2f112a12-8c41-4c83-9127-2cc66a2b590a;metrics Integration;Beauty green;3096;monetize neutral Associate;panel;incentivize Computers Ergonomic;2022-09-26;copy Pa'anga;2022-09-26;Unions
b582648a-1b72-400a-8118-193102b34e48;Zloty;lime Wooden;18632;overriding;virtual enhance;Computers Bedfordshire;2022-09-26;local;2022-09-27;York
1dac3d80-87fa-4861-ba62-3b7a89e724d0;Tokelau Jewelery maroon;Account needs-based structure;27544;Bedfordshire blockchains Computers;Licensed Solutions navigating;Engineer HTTP;2022-09-26;vortals olive;2022-09-27;Bike
c8960d20-ff25-4b1e-ac72-fa71be404bf5;whiteboard Berkshire hack;Borders;83032;bricks-and-clicks;indexing;Berkshire;2022-09-27;Rial;2022-09-26;SCSI Ringgit Lead
ba63d50e-7311-470d-98f1-12ed8d464f9f;brand;quantify Dollar e-commerce;53510;Concrete Indonesia Granite;Brand standardization Extensions;Account withdrawal RSS;2022-09-26;Direct orange Quality;2022-09-26;quantify Gorgeous Granite
a5b410e0-1723-4259-91ce-38b863e02300;Mountain Incredible;Puerto needs-based incentivize;79704;Rest Developer;Lead embrace withdrawal;solid Incredible Sausages;2022-09-27;Avon Market Loan;2022-09-26;Sports
1e5af669-fab8-401a-8d37-74ba701d6137;Chicken;maroon Ringgit analyzing;83249;Digitized;sensor synergize;circuit Borders Chief;2022-09-26;Factors blockchains invoice;2022-09-26;local
1c30f3bd-2a91-4063-8a12-53b49f7d797a;connect;Ohio;13958;orchestrate Account Generic;Sports THX;cross-platform area;2022-09-26;AI Tasty;2022-09-26;Berkshire
d912a144-9792-47da-bf8e-6b98e2074471;protocol parse;Fish calculate Bike;25986;revolutionary;maroon Haiti e-business;Common program virtual;2022-09-26;synergize;2022-09-26;channels
305f467e-db19-4cdd-b134-c34a5796999f;networks Steel Universal;generate District Grass-roots;98350;International Loan;transparent online;invoice;2022-09-26;integrate;2022-09-27;magnetic circuit turn-key
