id;data_table;data_id;data_content;data_version;create_by;create_time;update_by;update_time;tenant_id
f8d64076-60fd-4045-87df-b5e28d23a380;Investor Practical;leverage empowering;indexing;71575;Granite pixel Pizza;2022-09-26;Soft Harbor deposit;2022-09-26;Central monitoring
2e3aa215-c138-471e-b1dd-1dcf4095a295;capacitor IB user;orchid leverage;Ghana Engineer;44298;teal world-class;2022-09-26;Berkshire;2022-09-27;Robust Grocery Falkland
9ab8be78-6f0a-4612-bf8b-96b2f8e168f4;Gibraltar Pants Senior;Springs Producer;policy Personal;19146;digital Arizona Expanded;2022-09-27;Ergonomic heuristic;2022-09-26;Legacy
a52dd68d-109d-48be-a563-741d27cacae1;maximized paradigms;Sausages bus port;services;85328;Berkshire;2022-09-26;digital;2022-09-26;Associate
b84d58c8-006f-4dd0-9ee5-c9aa2654612e;revolutionize;Center capacitor;array;84514;Customer;2022-09-27;integrate Federation;2022-09-26;overriding
ba3f751c-e852-4418-b797-44da5f580741;Virtual 24/365;Borders USB Automotive;Won Cayman;77583;withdrawal payment Sleek;2022-09-26;whiteboard one-to-one plug-and-play;2022-09-26;Malagasy Cotton
6f20ced0-c5ce-44d3-a9f4-fc4d4a6ec356;Dong XML;Plastic program;complexity withdrawal lavender;89515;Chair Loan Gorgeous;2022-09-26;COM;2022-09-26;Beauty Tuna analyzer
fd2e89b5-26e4-4edb-baa6-8002e7a3b2c1;Fresh National Program;throughput mint Money;quantifying;26757;Arkansas;2022-09-26;networks Drive Unit;2022-09-27;Ergonomic
14650679-32a5-4be3-bd6f-c3640de293c9;Alabama;Lodge Way dynamic;olive program;30424;SQL Fantastic;2022-09-26;Ergonomic revolutionary;2022-09-27;CSS Director
812f302b-acaf-42a2-85f2-49fcc6d31798;Factors;Danish Devolved;Architect blue;62311;District dedicated;2022-09-26;green withdrawal;2022-09-26;Monaco Table
