id;name;remark;db_type;db_driver;db_url;db_name;db_user_name;db_drowssap;create_by;create_time;update_by;update_time;tenant_id
583f63bc-4522-4e9f-9abc-7e96b6be8aa1;e-services Health Cambridgeshire;Ngultrum pink Kids;Down-sized Principal;ADP Glens Incredible;violet;Fresh;Director array;card virtual Investor;Falls EXE;2022-09-26;monitor Maryland;2022-09-26;Supervisor
177a23fe-ce06-4d03-9272-fc1eafa730e5;Small;Omani vortals;Dobra;Devolved orchid;Inverse Directives indigo;Ranch lavender;Licensed Refined;Malta best-of-breed;Vermont;2022-09-26;Pants Dynamic;2022-09-26;Account
22036cf9-0160-4e9f-96f9-5dec921b16c6;Rubber Mouse;interactive next-generation;red Buckinghamshire Rupee;circuit PCI Soft;drive;California migration feed;deliver;Incredible Practical Enhanced;generate empower Fantastic;2022-09-26;Electronics Loan Avon;2022-09-27;envisioneer Markets
db093aab-d60b-4351-a7ed-3085f05750a0;JBOD firewall;best-of-breed;program Managed Consultant;Loan;Account action-items Buckinghamshire;parse;Crossroad;Steel Developer;program;2022-09-26;Won;2022-09-26;Investment Frozen
03405295-9788-41ad-8bed-220fb18d4bbd;Customer frame SAS;Branding;Generic seamless;Cheese Vanuatu;Fresh;Fish;ivory Frozen HDD;synthesize Analyst;Administrator bandwidth;2022-09-26;Turkey;2022-09-26;FTP Central Alabama
266b4b04-321d-49cb-b281-28755a406393;Berkshire Shirt networks;Arizona olive;Forward;orchid;Chief circuit firewall;Ports;Keyboard Concrete;Belize Configuration focus;Handcrafted Darussalam eyeballs;2022-09-26;AI synthesize Germany;2022-09-26;Computer Azerbaijan Frozen
9f07bf46-d04d-4fc5-86f8-0f60b33f32b6;Incredible;Rubber;drive;portals SMTP Cheese;state Identity;interface;Music;holistic Front-line;Generic Mouse Incredible;2022-09-26;Buckinghamshire Tunisia system;2022-09-27;bus Bedfordshire
0c83e932-b8b6-4261-8ecc-6d103a214b1d;red;Cambridgeshire cross-media;Supervisor;San;Directives;overriding;deposit interactive;drive lavender;Cambridgeshire SSL methodologies;2022-09-27;navigate;2022-09-27;invoice Shirt Market
5c069654-2050-47c3-bd99-81f63720c00c;Hills;Berkshire;Pitcairn deposit;connect users Iran;cross-media withdrawal;deposit didactic Avon;tan;state;Industrial purple;2022-09-26;International;2022-09-26;Representative digital SQL
32260d49-d3b3-4f6b-89c3-e424ef37e5da;Bedfordshire Checking Persevering;Chicken disintermediate;Gloves Metal connecting;Wooden Fresh;Checking;Avon;enterprise;Hryvnia Pizza one-to-one;plug-and-play Bedfordshire;2022-09-27;Awesome Gold;2022-09-27;applications Vatu
