id;log_type;log_content;operate_type;user_name;ip;method;request_url;request_param;request_type;cost_time;create_by;create_time;update_by;update_time;tenant_id
48cdda4a-2f29-4c67-9319-4fc998019321;54470;lime redundant lavender;web-enabled Convertible interface;Architect;empower;Intelligent;whiteboard analyzer Mission;AGP zero homogeneous;partnerships;50011;Crest;2022-09-27;Zambia unleash;2022-09-27;Fresh open-source Pound
b10fc1d3-a799-43cd-a061-bd9fe8ad6564;20352;Computer SCSI;Prairie Benin;cohesive District integrate;Road;streamline Tools;Credit;Swiss clear-thinking Industrial;line integrated Avon;45098;Bermuda;2022-09-26;Senegal reinvent Account;2022-09-26;Personal Inverse
76e15abf-fbf8-493f-943d-2fe77bc9550b;70753;Granite indexing exploit;Borders;Practical bus reboot;Berkshire Quality e-enable;Berkshire Tools;Crest Incredible;Handcrafted Chair Sleek;Georgia;87864;Small;2022-09-27;Data;2022-09-26;Alabama Florida
e8f67ed3-069e-4dd8-9396-36356700cddf;38091;Auto HTTP;transmitting indigo;Brand;Wyoming Functionality;Islands;seamless;optimize PNG capacitor;clicks-and-mortar transmitter content-based;93327;analyzing Islands Dinar;2022-09-26;Latvia application;2022-09-27;withdrawal Consultant
1197f363-6079-4a67-8b0a-957fb3e56b00;9326;human-resource;Ergonomic Computers Wooden;PNG;CSS platforms;Dollar;Wooden Licensed Credit;silver Card Metal;capacitor deposit;35059;Auto expedite firewall;2022-09-27;deposit Lek;2022-09-26;mobile Clothing
54cd7448-91f6-4315-9b48-525cec440962;40569;Soap;morph;Chief Exclusive Bacon;IB International strategic;Concrete;Wooden Health Usability;TCP;eco-centric Refined front-end;14407;Villages Cambridgeshire;2022-09-26;platforms Account;2022-09-27;Unbranded
11491f40-f384-4a8f-8316-3be23e793b02;23262;access;Credit visionary;Factors initiatives policy;Assistant Soft transition;Strategist Belarus process;Virginia;Innovative Consultant calculate;RAM Liaison benchmark;41892;Pizza withdrawal;2022-09-26;Camp interfaces Handmade;2022-09-26;yellow open-source
5eeba126-1f86-4b6f-8ba1-ec6b4e33220d;81022;partnerships e-tailers;Keyboard;Shirt;Assurance;online Health Dollar;sensor;Auto Industrial systems;Alley Persevering;74721;Developer frictionless;2022-09-26;Cotton;2022-09-26;open-source
eebc9f71-9f39-4a90-9318-ee0568b2492e;33640;Ergonomic;Pine services;Granite Account;background South;Music;Small Accounts Intranet;Table 24/365;yellow Supervisor Bedfordshire;83226;turquoise;2022-09-27;auxiliary capacity;2022-09-27;Solutions
f23a95f3-973b-441d-8f0b-b94e3f737aa1;91921;Towels Gibraltar;Corporate Lari;Future calculate;turquoise Investor;Account South synthesize;Kids Louisiana;Account;Legacy;24789;Pizza;2022-09-26;sexy deposit;2022-09-26;Ariary Bedfordshire
