id;name;status;create_by;create_time;update_by;update_time;tenant_id
ad7950f3-c298-4cf5-8500-f52723e2d425;Road implementation Investor;9440;Liaison Auto SMS;2022-09-27;methodologies deposit deposit;2022-09-26;Brazil digital IB
77356a7d-87ee-4cc4-9510-2244b62c2014;Car XML systematic;26881;PNG Fresh;2022-09-26;Clothing Spur;2022-09-27;National Berkshire
2034a1c9-073d-4b44-b90a-052e9497e9c7;Buckinghamshire;83180;hack Michigan;2022-09-27;portal Baby;2022-09-26;payment
649bb05a-e1d8-4832-90f2-d490a170fa1e;drive Village Outdoors;45940;Gateway matrix invoice;2022-09-27;Sierra;2022-09-27;Multi-tiered Chicken white
b9c95ce4-cd2c-46dd-a882-f7e127b6d389;state;61632;architect;2022-09-26;Enhanced;2022-09-27;Liaison orange
56695724-c04f-4e79-b1aa-da98eb87cfce;ADP Officer;75976;protocol Hawaii;2022-09-27;Avon lime PCI;2022-09-26;Agent cultivate
090105a9-efb3-454d-be22-3144261a03e5;Syrian Borders Manager;78661;Loan Walk;2022-09-26;withdrawal Practical Technician;2022-09-26;wireless Beauty port
ee82b486-0dde-48cf-aa69-2100f6488e55;Forward monitor;78268;Glens;2022-09-27;Tools rich Knolls;2022-09-26;Internal TCP
cadef224-d90b-453d-b425-03ebcba2febf;monitor strategy;93941;Division;2022-09-27;generating hacking;2022-09-26;Berkshire
01207744-4330-4731-84f0-5214d941d268;circuit Guatemala Bike;20186;state web-readiness;2022-09-27;Central neural;2022-09-26;success multi-state
